event_id,name,season,start_date,end_date,type,venue,address,status
2024-spring,Spring Qualifier,2024,2024-04-13,2024-04-14,Qualifier,Brooklyn Game Labs,"479 7th Ave, Brooklyn, NY 11215",complete
2024-summer,Summer Open,2024,2024-07-20,2024-07-20,Open,Brooklyn Game Labs,"479 7th Ave, Brooklyn, NY 11215",complete
2024-fall,Fall Qualifier,2024,2024-10-19,2024-10-20,Qualifier,Brooklyn Game Labs,"479 7th Ave, Brooklyn, NY 11215",complete
2024-holiday,Holiday Cup,2024,2024-12-14,2024-12-14,Cup,Brooklyn Game Labs,"479 7th Ave, Brooklyn, NY 11215",complete
2025-winter,Winter Open,2025,2025-01-25,2025-01-25,Open,Brooklyn Game Labs,"479 7th Ave, Brooklyn, NY 11215",complete
2025-spring,Spring Qualifier,2025,2025-04-12,2025-04-13,Qualifier,Brooklyn Game Labs,"479 7th Ave, Brooklyn, NY 11215",complete
2025-summer,Summer Open,2025,2025-07-19,2025-07-19,Open,Brooklyn Game Labs,"479 7th Ave, Brooklyn, NY 11215",complete
2025-fall,Fall Qualifier,2025,2025-10-18,2025-10-19,Qualifier,Brooklyn Game Labs,"479 7th Ave, Brooklyn, NY 11215",complete
2025-holiday,Holiday Cup,2025,2025-12-13,2025-12-13,Cup,Brooklyn Game Labs,"479 7th Ave, Brooklyn, NY 11215",complete
2026-winter,Winter Qualifier,2026,2026-01-24,2026-01-25,Qualifier,Brooklyn Game Labs,"479 7th Ave, Brooklyn, NY 11215",complete
2026-spring,Spring Qualifier,2026,2026-04-18,2026-04-19,Qualifier,Brooklyn Game Labs,"479 7th Ave, Brooklyn, NY 11215",complete
2026-summer,Summer Open,2026,2026-07-18,2026-07-18,Open,Brooklyn Game Labs,"479 7th Ave, Brooklyn, NY 11215",complete
2026-fall,Fall Qualifier,2026,,,Qualifier,Brooklyn Game Labs,"479 7th Ave, Brooklyn, NY 11215",upcoming
2026-holiday,Holiday Cup,2026,,,Cup,Brooklyn Game Labs,"479 7th Ave, Brooklyn, NY 11215",upcoming
